,github_org,url_doc,wants_help,is_github,name,description,url,date,doc_issues
0,pmagpy/pmagpy,,Yes,yes,PmagPy,"PmagPy is a comprehensive set of tools for analyzing paleomagnetic data. It facilitates interpretation of demagnetization data, Thellier-type experimental data and data from other types of rock magnetic experiments. PmagPy can be used to create a wide variety of useful plots and conduct statistical tests. It is designed to work with the MagIC database (https://earthref.org/MagIC), allowing manipulation of downloaded data sets as well as preparation of new contributions for uploading to the MagIC database. ",https://earthref.org/PmagPy/cookbook/,2/1/2017 14:56:21,"[{'title': 'Develop numpy style docstrings for pmag.py, pmagplotlib.py and ipmag.py functions', 'url': 'https://github.com/PmagPy/PmagPy/issues/138'}]"
1,gallantlab/pycortex,"Not yet, but we will do.",Yes,yes,pycortex,Pycortex is a python-based toolkit for surface visualization in functional magnetic resonance imaging (fMRI) data. ,http://gallantlab.org/pycortex/docs/,2/2/2017 10:36:23,"[{'title': 'doc (setup): Travis doc generation working ', 'url': 'https://github.com/gallantlab/pycortex/issues/198'}, {'title': 'doc (general): Webgl', 'url': 'https://github.com/gallantlab/pycortex/issues/197'}, {'title': 'doc (general): Pycortex store directory structure & database ', 'url': 'https://github.com/gallantlab/pycortex/issues/196'}, {'title': 'doc (general): Creating and managing ROIs with the SVG file ', 'url': 'https://github.com/gallantlab/pycortex/issues/195'}, {'title': 'doc: quickflat docstring mismatches', 'url': 'https://github.com/gallantlab/pycortex/issues/188'}, {'title': 'doc (general): alignment', 'url': 'https://github.com/gallantlab/pycortex/issues/187'}, {'title': 'doc (general): segmentation', 'url': 'https://github.com/gallantlab/pycortex/issues/186'}, {'title': 'doc (gallery): meg ', 'url': 'https://github.com/gallantlab/pycortex/issues/185'}, {'title': 'doc (gallery): surface_analyses', 'url': 'https://github.com/gallantlab/pycortex/issues/184'}, {'title': 'doc (gallery): utils', 'url': 'https://github.com/gallantlab/pycortex/issues/183'}, {'title': 'doc (gallery): webgl', 'url': 'https://github.com/gallantlab/pycortex/issues/182'}, {'title': 'doc (gallery): quickflat', 'url': 'https://github.com/gallantlab/pycortex/issues/181'}, {'title': 'doc (gallery): datasets', 'url': 'https://github.com/gallantlab/pycortex/issues/180'}, {'title': 'doc (gallery): import_surface', 'url': 'https://github.com/gallantlab/pycortex/issues/179'}, {'title': 'doc (gallery): quickstart', 'url': 'https://github.com/gallantlab/pycortex/issues/178'}]"
2,gallantlab/cottoncandy,,Yes,yes,cottoncandy,"cottoncandy is a python scientific library for storing and accessing numpy array data on S3. This is achieved by reading arrays from memory and downloading arrays directly into memory. This means that you don’t have to download your array to disk, and then load it from disk into your python session.",http://gallantlab.github.io/cottoncandy/,2/3/2017 13:35:02,
3,data-8/connector-instructors,,Yes,yes,Data Science Education Infrastructure,"We would like to consolidate all the infrastructure knowledge powering the Berkeley Data Science Education Program (Data 8, Connectors, Data 100) into one well document website. ",http://bids.github.io/docathon,2/7/2017 12:23:28,"[{'title': 'Add explanation of the jupyterhub setup', 'url': 'https://github.com/data-8/connector-instructors/issues/37'}, {'title': 'Add a short guide to docker', 'url': 'https://github.com/data-8/connector-instructors/issues/36'}]"
4,matplotlib/matplotlib,https://github.com/matplotlib/matplotlib/projects/1,Yes,yes,Matplotlib,"Matplotlib is a Python 2D plotting library which produces publication quality figures in a variety of hardcopy formats and interactive environments across platforms. Matplotlib can be used in Python scripts, the Python and IPython shell, the jupyter notebook, web application servers, and four graphical user interface toolkits. Matplotlib tries to make easy things easy and hard things possible. You can generate plots, histograms, power spectra, bar charts, errorcharts, scatterplots, etc., with just a few lines of code",http://matplotlib.org,2/9/2017 12:05:04,"[{'title': 'Warning treated as error while generating docs', 'url': 'https://github.com/matplotlib/matplotlib/issues/8145'}, {'title': 'Small bug on rST parsing on pyplot API in Sphinx doc output', 'url': 'https://github.com/matplotlib/matplotlib/issues/8074'}, {'title': 'Please add Vega in perception documentation', 'url': 'https://github.com/matplotlib/matplotlib/issues/8073'}, {'title': 'need to backport docathon PRs', 'url': 'https://github.com/matplotlib/matplotlib/issues/8223'}, {'title': 'Update dependencies in the docs', 'url': 'https://github.com/matplotlib/matplotlib/issues/7858'}, {'title': 'Add pillow and graphviz to doc build dependencies', 'url': 'https://github.com/matplotlib/matplotlib/issues/7793'}, {'title': 'Converting docstrings to numpydoc', 'url': 'https://github.com/matplotlib/matplotlib/issues/7205'}, {'title': 'Update list of dependencies to build docs', 'url': 'https://github.com/matplotlib/matplotlib/issues/8174'}]"
5,jupyter/notebook,,Yes,yes,Jupyter,"The Jupyter Notebook is a web application that allows you to create and share documents that contain live code, equations, visualizations and explanatory text. Uses include: data cleaning and transformation, numerical simulation, statistical modeling, machine learning and much more. We'll also work on any other Jupyter related projects. ",http://jupyter.readthedocs.org,2/16/2017 13:02:41,"[{'title': 'Review docs on troubleshooting and correcting a stale JS build', 'url': 'https://github.com/jupyter/notebook/issues/872'}]"
6,jmschrei/pomegranate,,Yes,yes,pomegranate,"pomegranate is a probabilistic modeling library for Python which seeks to compliment scikit-learn by providing structured models which follow the same API, such as hidden Markov models and Bayesian networks. It is implemented in cython for both speedy computation and native parallelization of all methods. Lastly, it has out-of-core training for fitting models to massive amounts of memory. What it doesn't have is an excess of documentation guiding people through its use. ",http://pomegranate.readthedocs.io/en/latest/,2/16/2017 15:52:52,
7,pandas-dev/pandas,https://github.com/pandas-dev/pandas/projects/1,Yes,yes,Pandas,"pandas is an open source library for data analysis in Python. It is a powerful toolkit for manipulating and analysing structured data, providing high-performance, easy-to-use data structures and data analysis tools for the Python programming language.",http://pandas.pydata.org/pandas-docs/stable/,2/17/2017 1:09:00,"[{'title': 'DOC: DataFrame.plot options are not documented in docstring form', 'url': 'https://github.com/pandas-dev/pandas/issues/15458'}, {'title': 'pd.set_eng_float_format() function not documented in the API reference', 'url': 'https://github.com/pandas-dev/pandas/issues/15610'}, {'title': 'DOC: inconsistent docs-string signatures for shared functions', 'url': 'https://github.com/pandas-dev/pandas/issues/15609'}, {'title': 'Docathon - documentation hackaton - week of March 6th', 'url': 'https://github.com/pandas-dev/pandas/issues/15405'}, {'title': 'passing a function to DataFrameGroupBy.agg - confusing documentation/behaviour', 'url': 'https://github.com/pandas-dev/pandas/issues/15304'}, {'title': 'DataFrameGroupBy.idxmin() returns DataFrame, documentation says Series', 'url': 'https://github.com/pandas-dev/pandas/issues/15275'}, {'title': 'DOC: enable parallel building of the docs', 'url': 'https://github.com/pandas-dev/pandas/issues/15591'}, {'title': 'DOC: overall improvement of docstrings', 'url': 'https://github.com/pandas-dev/pandas/issues/15580'}, {'title': 'DOC: add IndexSlice docstring + add to api docs', 'url': 'https://github.com/pandas-dev/pandas/issues/12508'}, {'title': 'DOC: reorganisation of the documentation?', 'url': 'https://github.com/pandas-dev/pandas/issues/6000'}, {'title': 'DOC: improve documentation for Series.resample', 'url': 'https://github.com/pandas-dev/pandas/issues/5023'}, {'title': 'DOC: doc build on travis timing out', 'url': 'https://github.com/pandas-dev/pandas/issues/15559'}]"
8,bitbucket.org/yt_analysis/yt,https://bitbucket.org/yt_analysis/yt/issues?component=documentation&status=open&status=new,Yes,no,yt,"yt is a Python libary for visualizing and analyzing volumetric data. It is able to natively read data in a variety of real-world data formats used in astrophysics and nuclear engineering. The goal of yt is to provide a uniform, physically motivated interface for disparate complex research data formats. It includes support for data defined on regular meshes, adaptive hierarchical meshes, unstructured meshes, and N-body particle data.",http://yt-project.org/doc,2/17/2017 14:01:09,
9,scikit-image/scikit-image,,Yes,yes,scikit-image,"scikit-image is a collection of algorithms for image processing. It is available free of charge and free of restriction. We pride ourselves on high-quality, peer-reviewed code, written by an active community of volunteers.

Our documentation can do with some love :)",http://scikit-image.org,2/19/2017 17:16:17,"[{'title': 'Add example in gallery about downscaling/upscaling/resizing images', 'url': 'https://github.com/scikit-image/scikit-image/issues/2559'}, {'title': 'Add `np.lookfor` as a discoverability tip to the User Guide', 'url': 'https://github.com/scikit-image/scikit-image/issues/2426'}, {'title': 'Include image outputs from examples inline in docs', 'url': 'https://github.com/scikit-image/scikit-image/issues/2332'}, {'title': 'Use `plane, row, col` dimensions ordering as specified in the `skimage` conventions page', 'url': 'https://github.com/scikit-image/scikit-image/issues/2276'}, {'title': 'Problem with references and sphinx (warning treated as error)', 'url': 'https://github.com/scikit-image/scikit-image/issues/2237'}, {'title': 'Merge two examples in the gallery (image deconvolution)', 'url': 'https://github.com/scikit-image/scikit-image/issues/2506'}, {'title': 'Add a section to the user guide, showing how to interact between skimage and opencv', 'url': 'https://github.com/scikit-image/scikit-image/issues/2500'}]"
10,clawpack/clawpack,https://github.com/clawpack/doc/issues?q=is%3Aissue+is%3Aopen+label%3Adocathon,Yes,yes,Clawpack,"Clawpack (“Conservation Laws Package”) is a collection of finite volume methods for linear and nonlinear hyperbolic systems of conservation laws. Clawpack employs high-resolution Godunov-type methods with limiters in a general framework applicable to many kinds of waves.  It includes a number of subpackages including one for geophysical applications, adaptive mesh refinement, and high-order methods via WENO methods.",http://clawpack.org,2/20/2017 10:33:03,
11,mne-tools/mne-python,https://github.com/mne-tools/mne-python/issues/3985,Yes,yes,MNE-python,"MNE is designed for sensor- and source-space analysis of [M/E]EG data and ECoG data, including frequency-domain and time-frequency analyses, MVPA/decoding and non-parametric statistics. This package generally evolves quickly and user contributions can easily be incorporated thanks to the open development environment .",https://mne-tools.github.io/stable/index.html,2/21/2017 9:56:38,"[{'title': 'Documentation improvements for the docathon?', 'url': 'https://github.com/mne-tools/mne-python/issues/3985'}]"
12,scikit-learn-contrib/hdbscan,https://github.com/scikit-learn-contrib/hdbscan/projects/3,Yes,yes,hdbscan,"Hdbscan is a Python clustering library for hierarchical density based clustering. It provides high performance implementations of two clustering algorithms: HDBSCAN* and Robust Single Linkage, as well as a suite of tools for further analysis, including plotting tools, cluster validations measures, prediction, and soft clustering. The hdbscan library conforms to Scikit-learn, and seeks to provide an easy to use interface for fast and easy clustering, particularly for exploratory data analysis.",http://hdbscan.readthedocs.io,2/21/2017 11:30:35,
13,scikit-learn/scikit-learn,,Yes,yes,scikit-learn,"scikit-learn is a flexible machine-learning toolkit writtin in Python:

- Simple and efficient tools for data mining and data analysis
- Accessible to everybody, and reusable in various contexts
- Built on NumPy, SciPy, and matplotlib
- Open source, commercially usable - BSD license",http://scikit-learn.org/stable/,2/27/2017 9:20:50,"[{'title': ""LogisticregressionCV doesn't document shape of C_ properly"", 'url': 'https://github.com/scikit-learn/scikit-learn/issues/8424'}, {'title': 'Isomap and LocallyLinearEmbedding do not accept sparse matrix input (contrary to documentation)', 'url': 'https://github.com/scikit-learn/scikit-learn/issues/8416'}, {'title': 'TfidfTransformer.idf_ does not appear to be documented', 'url': 'https://github.com/scikit-learn/scikit-learn/issues/8267'}, {'title': 'Zeal/Dash documentation', 'url': 'https://github.com/scikit-learn/scikit-learn/issues/8225'}, {'title': 'predict_proba documentation is inconsistent.', 'url': 'https://github.com/scikit-learn/scikit-learn/issues/8077'}, {'title': 'SVM documentation clarification: Higher values of C -> more support vectors?', 'url': 'https://github.com/scikit-learn/scikit-learn/issues/7955'}, {'title': ""TfidfVectorizer documentation doesn't track TfidfTransformer"", 'url': 'https://github.com/scikit-learn/scikit-learn/issues/6766'}, {'title': 'document _pairwise in the dev docs', 'url': 'https://github.com/scikit-learn/scikit-learn/issues/5493'}, {'title': 'Reformulate python version instructions in dev docs', 'url': 'https://github.com/scikit-learn/scikit-learn/issues/8510'}, {'title': 'RFE/RFECV docstring should say estimator can supply feature_importances_ not just coef_', 'url': 'https://github.com/scikit-learn/scikit-learn/issues/5353'}, {'title': 'Improve documentation on f-regression feature selection technique', 'url': 'https://github.com/scikit-learn/scikit-learn/issues/8509'}, {'title': 'Q: doc svc.fit_status_', 'url': 'https://github.com/scikit-learn/scikit-learn/issues/4687'}, {'title': 'Add examples to class docs', 'url': 'https://github.com/scikit-learn/scikit-learn/issues/3846'}, {'title': 'KernelDensity docstring', 'url': 'https://github.com/scikit-learn/scikit-learn/issues/3270'}]"
14,Sylius/Sylius,,Yes,yes,Sylius,"Sylius is a game-changing e-commerce solution for PHP, based on the Symfony framework. It is completely open source (MIT license) and free, maintained by diverse and creative community of developers and companies.",http://www.docs.sylius.org,2/28/2017 0:22:13,"[{'title': '[ResourceBundle] Pagination override does not work as stated in the docs', 'url': 'https://github.com/Sylius/Sylius/issues/7557'}, {'title': '[feature request] [doc] customizing the products', 'url': 'https://github.com/Sylius/Sylius/issues/7017'}]"
15,omeka/Omeka,,Yes,yes,Omeka," A flexible web publishing platform for the display of library, museum and scholarly collections, archives and exhibitions. ",https://github.com/omeka/Documentation,2/28/2017 7:19:49,
16,ROBelgium/MSNoise,,Yes,yes,MSNoise,A Python Package for Monitoring Seismic Velocity Changes using Ambient Seismic Noise,http://msnoise.org/doc/master,2/28/2017 14:13:13,
17,kbenoit/readtext,https://github.com/kbenoit/readtext/projects/1,Yes,yes,quanteda_readtext,"readtext is a one-function companion package for quanteda, but also one that works completely generally, to do exactly what it says on the tin: It reads files containing text, along with any associated document-level metadata, which we call ""docvars"", for document variables. Plain text files do not have docvars, but other forms such as .csv, .tab, .xml, and .json files usually do. It can also accept wildcard characters.",https://kbenoit.github.io/quanteda/,3/1/2017 10:27:55,
18,kbenoit/quanteda,https://github.com/kbenoit/quanteda/projects/3,Yes,yes,quanteda,"quanteda is a fast, flexible toolset for for the management, processing, and quantitative analysis of textual data in R. It includes functions for exploring text, tokenizing texts, managing corpora and associated meta-data, creating document-feature matrixes, computing a variety of text-based statistics, plotting textual representations, computing statistical and machine learning models on texts, applying dictionaries to texts, detecting collocations, and more.",https://kbenoit.github.io/quanteda/,3/1/2017 10:27:55,"[{'title': 'change verbose option to getOption(""verbose"")', 'url': 'https://github.com/kbenoit/quanteda/issues/577'}, {'title': 'How to left join docvars with those in an existing corpus', 'url': 'https://github.com/kbenoit/quanteda/issues/571'}, {'title': 'create a cheatsheet', 'url': 'https://github.com/kbenoit/quanteda/issues/581'}, {'title': 'Carry docvars inside tokens and dfm objects', 'url': 'https://github.com/kbenoit/quanteda/issues/508'}, {'title': 'Improve quanteda.io website', 'url': 'https://github.com/kbenoit/quanteda/issues/579'}, {'title': 'General audit of the man pages', 'url': 'https://github.com/kbenoit/quanteda/issues/578'}]"
19,ipython/ipython,,Yes,yes,IPython,The IPython REPL,http://ipython.readthedocs.org,3/1/2017 12:16:30,"[{'title': 'Problem with (documentation of?) QT gui and mayavi', 'url': 'https://github.com/ipython/ipython/issues/10384'}, {'title': ""%run with single-quoted path doesn't work in IPython 5.1"", 'url': 'https://github.com/ipython/ipython/issues/10079'}, {'title': 'Document \\latex and \\unicode completions', 'url': 'https://github.com/ipython/ipython/issues/9913'}, {'title': 'Make keybindings configurable/document.', 'url': 'https://github.com/ipython/ipython/issues/9635'}, {'title': 'Install packages into the right environment', 'url': 'https://github.com/ipython/ipython/issues/9517'}, {'title': 'Running a Notebook Server link goes to wrong place', 'url': 'https://github.com/ipython/ipython/issues/9206'}, {'title': 'Aliases not documented', 'url': 'https://github.com/ipython/ipython/issues/9174'}, {'title': 'ipdb - ll should not colorize docstrings', 'url': 'https://github.com/ipython/ipython/issues/9131'}, {'title': 'Document oinspect format of object info', 'url': 'https://github.com/ipython/ipython/issues/8774'}, {'title': 'Documentation for custom kernel + a non-standard event loop', 'url': 'https://github.com/ipython/ipython/issues/7614'}, {'title': 'Documentation needed for JavaScript Notebook Extensions', 'url': 'https://github.com/ipython/ipython/issues/6229'}, {'title': 'Docs: Embedding IPython', 'url': 'https://github.com/ipython/ipython/issues/5887'}]"
20,bokeh/bokeh,,Yes,yes,Bokeh,"Bokeh is a Python interactive visualization library that targets modern web browsers for presentation. Its goal is to provide elegant, concise construction of novel graphics in the style of D3.js, and to extend this capability with high-performance interactivity over very large or streaming datasets. Bokeh can help anyone who would like to quickly and easily create interactive plots, dashboards, and data applications.

",http://bokeh.pydata.org/en/latest/index.html,3/1/2017 15:14:17,"[{'title': ""UnicodeDecodeError when non-ascii characters are present at document's title"", 'url': 'https://github.com/bokeh/bokeh/issues/5843'}, {'title': 'When building docs, `make clean all` fails', 'url': 'https://github.com/bokeh/bokeh/issues/5949'}, {'title': 'Charts defaults documentation seems circular', 'url': 'https://github.com/bokeh/bokeh/issues/5041'}, {'title': 'Give feedback on bokeh server docs', 'url': 'https://github.com/bokeh/bokeh/issues/5895'}, {'title': 'Transform docstring ends abruptly', 'url': 'https://github.com/bokeh/bokeh/issues/5887'}]"
21,scipy/scipy,,Yes,yes,SciPy,"SciPy (pronounced ""Sigh Pie"") is open-source software for mathematics, science, and engineering. It includes modules for statistics, optimization, integration, linear algebra, Fourier transforms, signal and image processing, ODE solvers, and more.  It is also the name of a very popular conference on scientific programming with Python.

The SciPy library depends on NumPy, which provides convenient and fast N-dimensional array manipulation. The SciPy library is built to work with NumPy arrays, and provides many user-friendly and efficient numerical routines such as routines for numerical integration and optimization. Together, they run on all popular operating systems, are quick to install, and are free of charge. NumPy and SciPy are easy to use, but powerful enough to be depended upon by some of the world's leading scientists and engineers. If you need to manipulate numbers on a computer and display or publish the results, give SciPy a try!",http://docs.scipy.org/,3/2/2017 2:17:44,"[{'title': 'Improve documentation for Elliptic Integrals', 'url': 'https://github.com/scipy/scipy/issues/7141'}, {'title': 'scipy.optimize.fsolve Jacobian argument incomplete in the documentation', 'url': 'https://github.com/scipy/scipy/issues/7126'}, {'title': 'Hypergeometric Functions documentation is lacking', 'url': 'https://github.com/scipy/scipy/issues/6966'}, {'title': 'trouble with documentation for windows', 'url': 'https://github.com/scipy/scipy/issues/7140'}, {'title': ""griddata docstring doesn't make any sense"", 'url': 'https://github.com/scipy/scipy/issues/4802'}, {'title': 'Spline functions missing documentation and tests', 'url': 'https://github.com/scipy/scipy/issues/3423'}, {'title': 'Dead link on documentation', 'url': 'https://github.com/scipy/scipy/issues/3250'}]"
22,deeplearning4j/deeplearning4j,https://github.com/deeplearning4j/deeplearning4j/projects/1,Yes,yes,Deeplearning4j,"Deeplearning4j is the first commercial-grade, open-source, distributed deep-learning library written for Java and Scala. Integrated with Hadoop and Spark, DL4J is designed to be used in business environments on distributed GPUs and CPUs.",https://deeplearning4j.org/,3/2/2017 10:43:29,"[{'title': 'Docs: add basic docs on DL4J + cloud computing', 'url': 'https://github.com/deeplearning4j/deeplearning4j/issues/3006'}, {'title': 'JavaDocs missing for Clustering classes', 'url': 'https://github.com/deeplearning4j/deeplearning4j/issues/2994'}, {'title': 'Styled Icon for warnings or notes', 'url': 'https://github.com/deeplearning4j/deeplearning4j/issues/2875'}, {'title': 'Create a normalization page', 'url': 'https://github.com/deeplearning4j/deeplearning4j/issues/2858'}, {'title': 'Output page contains obsolete code', 'url': 'https://github.com/deeplearning4j/deeplearning4j/issues/2991'}, {'title': 'Documentation is not in detail for KmeansClustering', 'url': 'https://github.com/deeplearning4j/deeplearning4j/issues/2831'}, {'title': 'Ensure all deprecated methods have appropriate javadoc', 'url': 'https://github.com/deeplearning4j/deeplearning4j/issues/2807'}, {'title': 'Build WebApp for VGG model inference', 'url': 'https://github.com/deeplearning4j/deeplearning4j/issues/2734'}, {'title': 'Code quality: Example - Using @Deprecated with comments and Javadoc links', 'url': 'https://github.com/deeplearning4j/deeplearning4j/issues/2722'}, {'title': 'Page not found', 'url': 'https://github.com/deeplearning4j/deeplearning4j/issues/2323'}, {'title': 'update tutorials & documentation to new 8.0 version of NVIDIA toolkit', 'url': 'https://github.com/deeplearning4j/deeplearning4j/issues/2283'}, {'title': 'Website: add simple database of resources', 'url': 'https://github.com/deeplearning4j/deeplearning4j/issues/2157'}, {'title': 'Thread safety', 'url': 'https://github.com/deeplearning4j/deeplearning4j/issues/1678'}, {'title': 'Document: how to get optimal (computational) performance out of DL4J/ND4J', 'url': 'https://github.com/deeplearning4j/deeplearning4j/issues/1675'}, {'title': '[Docs + javadoc] document different for nIn between feedforward and convolutional layers', 'url': 'https://github.com/deeplearning4j/deeplearning4j/issues/1512'}, {'title': 'Describe concat better', 'url': 'https://github.com/deeplearning4j/deeplearning4j/issues/1502'}, {'title': 'Document LearningRatePolicy', 'url': 'https://github.com/deeplearning4j/deeplearning4j/issues/1494'}, {'title': 'Clarifying the documentation on ""importing a time series"" for RNN networks. ', 'url': 'https://github.com/deeplearning4j/deeplearning4j/issues/1485'}, {'title': 'Improve troubleshooting docs', 'url': 'https://github.com/deeplearning4j/deeplearning4j/issues/1390'}, {'title': 'Wrong DeepAutoEncoder example in documentation', 'url': 'https://github.com/deeplearning4j/deeplearning4j/issues/1082'}, {'title': 'Please provide an example of LSTM Network for Anomaly Detection', 'url': 'https://github.com/deeplearning4j/deeplearning4j/issues/925'}, {'title': 'Java docs should mention whether Nd4j operation creates a new copy or not', 'url': 'https://github.com/deeplearning4j/deeplearning4j/issues/909'}, {'title': 'Update on-site documentation', 'url': 'https://github.com/deeplearning4j/deeplearning4j/issues/2945'}, {'title': 'Dev guide: document intellij quirks', 'url': 'https://github.com/deeplearning4j/deeplearning4j/issues/2941'}, {'title': 'Build Lucene index over javadoc, examples, and other resources', 'url': 'https://github.com/deeplearning4j/deeplearning4j/issues/2934'}, {'title': 'Comparing frameworks documentation issue for TensorFlow', 'url': 'https://github.com/deeplearning4j/deeplearning4j/issues/2914'}]"
23,mrzv/henson,,Yes,yes,Henson,cooperative multi-tasking for in situ processing,http://github.org/mrzv/henson,3/2/2017 12:56:21,
24,diatomic/diy,,Yes,yes,DIY,block-parallel data analysis library,https://diatomic.github.io/diy/,3/2/2017 12:57:31,
25,,,No,no,Dionysus,library for computing persistent homology,http://bids.github.io/docathon,3/2/2017 12:58:41,
26,sncosmo/sncosmo,,Yes,yes,SNCosmo,Python library for supernova cosmology,http://sncosmo.readthedocs.io,3/2/2017 16:21:28,
27,librariesio/libraries.io,https://github.com/librariesio/documentation/projects/1,Yes,yes,Libraries.io,"Libraries.io indexes over 2 million unique, open source projects from 33 package mangers (and growing) to help you make more informed decisions about the software you use. ",http://docs.libraries.io,3/3/2017 1:44:03,"[{'title': 'Add infrastrucutre to documentation', 'url': 'https://github.com/librariesio/libraries.io/issues/1249'}, {'title': 'API docs: http status codes ', 'url': 'https://github.com/librariesio/libraries.io/issues/1245'}, {'title': 'Add Crystal docs links', 'url': 'https://github.com/librariesio/libraries.io/issues/1034'}, {'title': 'Document the dependency tree API endpoint', 'url': 'https://github.com/librariesio/libraries.io/issues/983'}, {'title': 'API Documentation ', 'url': 'https://github.com/librariesio/libraries.io/issues/198'}, {'title': 'Pull in/generate documentation for projects', 'url': 'https://github.com/librariesio/libraries.io/issues/31'}, {'title': 'Add a Glossary of Terms to the documentation', 'url': 'https://github.com/librariesio/libraries.io/issues/1256'}, {'title': 'Add feature to request for more than one package from the api', 'url': 'https://github.com/librariesio/libraries.io/issues/1214'}, {'title': ""Add 'roadmap' to documentation"", 'url': 'https://github.com/librariesio/libraries.io/issues/1250'}]"
28,galaxyproject/galaxy-hub,"(not currently, but I can work on a list this weekend)",Yes,yes,Galaxy Hub,"Galaxy is an open, web-based platform for data intensive biomedical research.","http://docs.galaxyproject.org, new.galaxyproject.org",3/3/2017 10:44:58,
29,galaxyproject/galaxy,"(not currently, but I can work on a list this weekend)",Yes,yes,Galaxy,"Galaxy is an open, web-based platform for data intensive biomedical research.","http://docs.galaxyproject.org, new.galaxyproject.org",3/3/2017 10:44:57,"[{'title': 'https://galaxy.readthedocs.io is still online but not updated', 'url': 'https://github.com/galaxyproject/galaxy/issues/3563'}, {'title': 'typo in tool syntax doc', 'url': 'https://github.com/galaxyproject/galaxy/issues/3667'}]"
30,JuliaLang/julia,,Yes,yes,Julia,"Julia is a high-level, high-performance, dynamic programming language for technical computing. It provides a sophisticated compiler, distributed parallel execution, numerical accuracy, and an extensive mathematical function library. Julia’s Base library, largely written in Julia itself, also integrates mature, best-of-breed open source C and Fortran libraries for linear algebra, random number generation, signal processing, and string processing. In addition, the Julia developer community is contributing a number of external packages through Julia’s built-in package manager at a rapid pace. IJulia, a collaboration between the Jupyter and Julia communities, provides a powerful browser-based graphical notebook interface to Julia.",http://docs.julialang.org,3/3/2017 17:10:13,"[{'title': 'Still unable to search for macros in the doc', 'url': 'https://github.com/JuliaLang/julia/issues/20828'}, {'title': 'DOC: Memory layout - list of dead terms/links @ Manual', 'url': 'https://github.com/JuliaLang/julia/issues/20813'}, {'title': 'document that shift operators on BitVectors accept negative shifts', 'url': 'https://github.com/JuliaLang/julia/issues/20788'}, {'title': 'Wishlist: documentation for extending broadcast', 'url': 'https://github.com/JuliaLang/julia/issues/20740'}, {'title': 'document `rem(x,T)` / `x % T` for `T` a type', 'url': 'https://github.com/JuliaLang/julia/issues/20707'}, {'title': 'listen(tempname()) fails on Windows', 'url': 'https://github.com/JuliaLang/julia/issues/20617'}, {'title': 'Add sub-headings in table of contents of PDF documentation', 'url': 'https://github.com/JuliaLang/julia/issues/20602'}, {'title': 'Use of ÷ in the manual', 'url': 'https://github.com/JuliaLang/julia/issues/20915'}, {'title': 'conv corner case', 'url': 'https://github.com/JuliaLang/julia/issues/20539'}, {'title': 'Function help within REPL hangs, then produces 6357 lines of output.', 'url': 'https://github.com/JuliaLang/julia/issues/20904'}, {'title': ""joinpath() doesn't add path separator between drive and directory "", 'url': 'https://github.com/JuliaLang/julia/issues/20375'}, {'title': ""Can't search for a function with a bang in the HTML docs"", 'url': 'https://github.com/JuliaLang/julia/issues/20363'}, {'title': ""results for negative y in mod1(x,y) doesn't agree with documentation"", 'url': 'https://github.com/JuliaLang/julia/issues/20355'}, {'title': '""invalid subtyping"" breaking change in 0.6', 'url': 'https://github.com/JuliaLang/julia/issues/20949'}, {'title': ""svds documentation doesn't explain how to extract factors"", 'url': 'https://github.com/JuliaLang/julia/issues/19857'}, {'title': 'DOC: Rewrite manual for parallel ', 'url': 'https://github.com/JuliaLang/julia/issues/19579'}, {'title': 'Manual: ""Running External Programs"" does not explain how to change working directory', 'url': 'https://github.com/JuliaLang/julia/issues/19286'}, {'title': 'Manual describes deprecated inner constructor syntax', 'url': 'https://github.com/JuliaLang/julia/issues/20877'}, {'title': 'Documentation: ""Noteworthy Differences from other Languages"" -- outdated information + minor mistakes', 'url': 'https://github.com/JuliaLang/julia/issues/18656'}, {'title': 'Edit link in HTML docs', 'url': 'https://github.com/JuliaLang/julia/issues/20870'}, {'title': 'Provide method for `sum` that accepts a neutral element', 'url': 'https://github.com/JuliaLang/julia/issues/18423'}, {'title': 'Filter is not documented', 'url': 'https://github.com/JuliaLang/julia/issues/16742'}, {'title': 'document io and trailing args for print/ln', 'url': 'https://github.com/JuliaLang/julia/issues/15693'}, {'title': 'Julep: extended proposal for fixing show, print, & friends', 'url': 'https://github.com/JuliaLang/julia/issues/14052'}, {'title': 'REPL integrated readline', 'url': 'https://github.com/JuliaLang/julia/issues/10667'}]"
31,uwescience/pulse2percept,,Yes,yes,pulse2percept,Pulse2percept is a Python library for bionic vision. It features a computational model that has the goal of predicting the perceptual experience of retinal prosthesis patients. The model takes as input a series of (simulated) electrical pulse trains---one pulse train per electrode in the array---and converts them into an image sequence that corresponds to the predicted perceptual experience of a patient.,https://uwescience.github.io/pulse2percept/,3/3/2017 18:36:25,"[{'title': 'Add ""Edit on GitHub"" button to docs', 'url': 'https://github.com/uwescience/pulse2percept/issues/70'}]"
32,NelleV/watchtower,,Yes,yes,watchtower,"Watchtower is a package for scraping activity on Github (both users and projects) and storing it for later analysis. It's still in a very alpha version, but is what is powering the stats pages used by the Docathon.",https://github.com/NelleV/watchtower,3/4/2017 11:59:52,
33,UCI-CARL/CARLsim3,https://github.com/UCI-CARL/CARLsim3/projects/1,Yes,yes,CARLsim3,"CARLsim is an efficient, easy-to-use, GPU-accelerated library for simulating large-scale spiking neural network (SNN) models with a high degree of biological detail. CARLsim allows execution of networks of Izhikevich spiking neurons with realistic synaptic dynamics on both generic x86 CPUs and standard off-the-shelf GPUs. The simulator provides a PyNN-like programming interface in C/C++, which allows for details and parameters to be specified at the synapse, neuron, and network level.",https://uci-carl.github.io/CARLsim3,3/4/2017 20:33:19,"[{'title': 'User Guide Chapter 5: Document DA-STDP', 'url': 'https://github.com/UCI-CARL/CARLsim3/issues/10'}, {'title': 'Document ConnectionReader (OAT)', 'url': 'https://github.com/UCI-CARL/CARLsim3/issues/9'}, {'title': 'Add Motion Energy tutorial', 'url': 'https://github.com/UCI-CARL/CARLsim3/issues/8'}, {'title': 'Fix Doxygen issues on Windows', 'url': 'https://github.com/UCI-CARL/CARLsim3/issues/7'}, {'title': 'Complete CARLsim API documentation', 'url': 'https://github.com/UCI-CARL/CARLsim3/issues/6'}, {'title': 'Document PrePostGroupSpikeGen', 'url': 'https://github.com/UCI-CARL/CARLsim3/issues/5'}, {'title': 'Document InteractiveSpikeGen', 'url': 'https://github.com/UCI-CARL/CARLsim3/issues/4'}, {'title': 'Add a Tutorial that shows off spatial connectivity pattern', 'url': 'https://github.com/UCI-CARL/CARLsim3/issues/2'}, {'title': 'User Guide, Chapter 10: ECJ installation info is out of date', 'url': 'https://github.com/UCI-CARL/CARLsim3/issues/1'}, {'title': 'User Guide: Better explain how to set up STDP', 'url': 'https://github.com/UCI-CARL/CARLsim3/issues/13'}, {'title': 'Add a Tutorial that shows off multi-compartment models', 'url': 'https://github.com/UCI-CARL/CARLsim3/issues/11'}]"
34,UCI-CARL/CARLsim4,https://github.com/UCI-CARL/CARLsim4/projects/1,Yes,yes,carlsim4,"CARLsim is an efficient, easy-to-use, GPU-accelerated software framework for simulating large-scale spiking neural network (SNN) models with a high degree of biological detail. ",http://uci-carl.github.io/CARLsim4,3/5/2017 16:38:05,
35,sunpy/sunpy,https://github.com/sunpy/sunpy/projects/4,Yes,yes,sunpy,"SunPy is a community-developed free and open-source software package for solar physics. SunPy is meant to be a free alternative to the SolarSoft data analysis environment which is based on the IDL scientific programming language sold by Exelis. Though SolarSoft is open-source IDL is not and can be prohibitively expensive. The aim of the SunPy project is to provide the software tools necessary so that anyone can analyze solar data. SunPy is written using the Python programming language and is build upon the scientific Python environment which includes the core packages NumPy, SciPy. The development of SunPy is associated with that of Astropy. SunPy was founded on March 28, 2011 by a small group of scientists and developers at the NASA Goddard Space Flight Center. Thanks to the generous support of the ESA Summer of Code and the Google Summer of Code as well as contributors from around the world, SunPy is now a global project and is not associated with any individual institution. ",http://docs.sunpy.org/,3/6/2017 1:27:06,"[{'title': 'Install documentation should suggest a Python version', 'url': 'https://github.com/sunpy/sunpy/issues/1704'}, {'title': 'Fix doctests and enable them on Travis', 'url': 'https://github.com/sunpy/sunpy/issues/1177'}]"
36,academicpages/academicpages.github.io,,No,yes,academicpages,"academicpages is a Jekyll-based GitHub Pages template for personal academic websites, supporting rendering of publications, talks, a portfolio, and a blog from structured markdown files. Includes a dynamically-generated CV!",http://academicpages.github.io,3/6/2017 16:16:21,
37,getorg/getorg,https://github.com/getorg/getorg/issues/9,Yes,yes,getorg,Getorg is a project to get different kinds of information and analytics about GitHub repositories and organizations. The biggest major feature in getorg is the ability to generate a map of all the committers to a given GitHub organization.,"http://NONE, just docstrings in the code",3/6/2017 16:21:07,"[{'title': 'Create documentation from docstrings', 'url': 'https://github.com/getorg/getorg/issues/9'}]"
